Time,Frequency,Resistance
25/11/2020 15:42:58.837797,5009654,387.02
25/11/2020 15:42:59.869984,5009653.7,387.02
25/11/2020 15:43:0.903338,5009653.6,387.03
25/11/2020 15:43:1.936839,5009653.4,387.02
25/11/2020 15:43:2.970099,5009653.3,387.03
25/11/2020 15:43:4.3508,5009653.1,386.99
25/11/2020 15:43:5.36799,5009653.1,386.98
25/11/2020 15:43:6.70235,5009653,387
25/11/2020 15:43:7.101903,5009652.7,387
25/11/2020 15:43:8.133806,5009652.4,387.02
25/11/2020 15:43:9.166665,5009652.4,387.02
25/11/2020 15:43:10.198088,5009652.3,386.99
25/11/2020 15:43:11.230052,5009652.1,386.98
25/11/2020 15:43:12.262624,5009651.8,387
25/11/2020 15:43:13.294214,5009651.7,387
25/11/2020 15:43:14.327274,5009651.7,387.01
25/11/2020 15:43:15.359897,5009651.7,387.01
25/11/2020 15:43:16.391178,5009651.6,387.01
25/11/2020 15:43:17.424580,5009651.5,387.01
25/11/2020 15:43:18.457166,5009651.3,387.03
25/11/2020 15:43:19.489668,5009651.1,387.02
25/11/2020 15:43:20.522971,5009651.1,387.02
25/11/2020 15:43:21.555948,5009651,387.01
25/11/2020 15:43:22.586723,5009650.9,387.01
25/11/2020 15:43:23.619265,5009650.8,387.02
25/11/2020 15:43:24.650654,5009650.7,387
25/11/2020 15:43:25.685434,5009650.7,387
25/11/2020 15:43:26.716712,5009650.6,387
25/11/2020 15:43:27.748148,5009650.4,387.01
25/11/2020 15:43:28.780469,5009650.3,387
25/11/2020 15:43:29.812827,5009650.3,387
25/11/2020 15:43:30.845229,5009650.1,387.01
25/11/2020 15:43:31.876458,5009650.1,387.01
25/11/2020 15:43:32.908885,5009650,387
25/11/2020 15:43:33.941023,5009649.9,387
25/11/2020 15:43:34.972585,5009649.8,387
25/11/2020 15:43:36.4864,5009649.8,387
25/11/2020 15:43:37.36361,5009649.7,387
25/11/2020 15:43:38.68669,5009649.6,387
25/11/2020 15:43:39.101003,5009649.4,387
25/11/2020 15:43:40.133538,5009649.4,387
25/11/2020 15:43:41.165011,5009649.4,387
25/11/2020 15:43:42.197156,5009649.3,386.99
25/11/2020 15:43:43.228697,5009649.2,386.98
25/11/2020 15:43:44.260570,5009649.1,386.98
25/11/2020 15:43:45.293013,5009649.1,386.98
25/11/2020 15:43:46.325434,5009649.1,386.97
25/11/2020 15:43:47.357471,5009649,386.97
25/11/2020 15:43:48.389633,5009648.9,386.98
25/11/2020 15:43:49.420671,5009648.9,386.97
25/11/2020 15:43:50.453105,5009648.7,386.97
25/11/2020 15:43:51.490266,5009648.6,386.96
25/11/2020 15:43:52.522808,5009648.6,386.96
25/11/2020 15:43:53.555149,5009648.5,386.97
25/11/2020 15:43:54.587432,5009648.4,386.96
25/11/2020 15:43:55.619551,5009648.3,386.97
25/11/2020 15:43:56.651385,5009648.3,386.96
25/11/2020 15:43:57.682624,5009648.2,386.97
25/11/2020 15:43:58.714829,5009648.1,386.96
25/11/2020 15:43:59.745854,5009648.1,386.97
25/11/2020 15:44:0.778164,5009648,386.96
25/11/2020 15:44:1.810549,5009648,386.96
25/11/2020 15:44:2.842874,5009647.9,386.96
25/11/2020 15:44:3.875149,5009647.8,386.95
25/11/2020 15:44:4.907474,5009647.6,386.95
25/11/2020 15:44:5.938922,5009647.6,386.94
25/11/2020 15:44:6.970483,5009647.5,386.94
25/11/2020 15:44:8.1392,5009647.4,386.94
25/11/2020 15:44:9.33968,5009647.4,386.95
25/11/2020 15:44:10.65978,5009647.3,386.95
25/11/2020 15:44:11.97830,5009647.2,386.95
25/11/2020 15:44:12.129954,5009647.1,386.96
25/11/2020 15:44:13.162298,5009647.1,386.96
25/11/2020 15:44:14.194481,5009647.1,386.95
25/11/2020 15:44:15.225986,5009647,386.95
25/11/2020 15:44:16.257756,5009647,386.95
25/11/2020 15:44:17.290199,5009647,386.94
25/11/2020 15:44:18.322564,5009646.9,386.94
25/11/2020 15:44:19.354907,5009646.9,386.94
25/11/2020 15:44:20.387260,5009646.9,386.93
25/11/2020 15:44:21.419670,5009646.8,386.92
25/11/2020 15:44:22.451889,5009646.8,386.92
25/11/2020 15:44:23.484321,5009646.7,386.92
25/11/2020 15:44:24.516560,5009646.6,386.93
25/11/2020 15:44:25.547913,5009646.6,386.94
25/11/2020 15:44:26.579800,5009646.6,386.95
25/11/2020 15:44:27.612149,5009646.5,386.96
25/11/2020 15:44:28.644403,5009646.3,386.95
25/11/2020 15:44:29.676718,5009646.3,386.94
25/11/2020 15:44:30.709162,5009646.2,386.93
25/11/2020 15:44:31.740714,5009646.1,386.92
25/11/2020 15:44:32.771656,5009646.1,386.91
25/11/2020 15:44:33.802880,5009646,386.91
25/11/2020 15:44:34.835433,5009646,386.9
25/11/2020 15:44:35.867227,5009646,386.91
25/11/2020 15:44:36.899674,5009645.9,386.91
25/11/2020 15:44:37.932095,5009645.9,386.91
25/11/2020 15:44:38.963917,5009645.8,386.92
25/11/2020 15:44:39.995512,5009645.8,386.92
25/11/2020 15:44:41.26684,5009645.8,386.91
25/11/2020 15:44:42.59201,5009645.6,386.92
25/11/2020 15:44:43.91630,5009645.6,386.92
25/11/2020 15:44:44.127199,5009645.6,386.92
25/11/2020 15:44:45.159677,5009645.4,386.92
25/11/2020 15:44:46.192027,5009645.4,386.91
25/11/2020 15:44:47.224455,5009645.4,386.91
25/11/2020 15:44:48.256295,5009645.3,386.91
25/11/2020 15:44:49.288534,5009645.2,386.91
25/11/2020 15:44:50.320393,5009645.1,386.91
25/11/2020 15:44:51.352327,5009645.1,386.91
25/11/2020 15:44:52.383755,5009645.1,386.91
25/11/2020 15:44:53.415967,5009645.1,386.91
25/11/2020 15:44:54.447995,5009645,386.91
25/11/2020 15:44:55.480461,5009644.9,386.92
25/11/2020 15:44:56.511668,5009644.9,386.91
25/11/2020 15:44:57.543107,5009644.8,386.9
25/11/2020 15:44:58.575573,5009644.8,386.91
25/11/2020 15:44:59.607946,5009644.8,386.91
25/11/2020 15:45:0.640454,5009644.8,386.91
25/11/2020 15:45:1.671649,5009644.7,386.9
25/11/2020 15:45:2.704047,5009644.6,386.9
25/11/2020 15:45:3.736025,5009644.6,386.9
25/11/2020 15:45:4.768441,5009644.5,386.9
25/11/2020 15:45:5.800725,5009644.6,386.9
25/11/2020 15:45:6.831722,5009644.5,386.91
25/11/2020 15:45:7.863769,5009644.4,386.91
25/11/2020 15:45:8.896081,5009644.4,386.9
25/11/2020 15:45:9.930082,5009644.3,386.9
25/11/2020 15:45:10.962448,5009644.3,386.9
25/11/2020 15:45:11.994855,5009644.1,386.9
25/11/2020 15:45:13.27301,5009644.1,386.9
25/11/2020 15:45:14.59873,5009644,386.89
25/11/2020 15:45:15.92244,5009644,386.89
25/11/2020 15:45:16.124390,5009644,386.89
25/11/2020 15:45:17.157390,5009644,386.89
25/11/2020 15:45:18.189512,5009643.9,386.9
25/11/2020 15:45:19.221886,5009643.8,386.88
25/11/2020 15:45:20.253743,5009643.8,386.89
25/11/2020 15:45:21.286150,5009643.8,386.88
25/11/2020 15:45:22.318447,5009643.8,386.87
25/11/2020 15:45:23.350745,5009643.7,386.87
25/11/2020 15:45:24.383091,5009643.7,386.89
25/11/2020 15:45:25.415504,5009643.5,386.88
25/11/2020 15:45:26.447396,5009643.4,386.88
25/11/2020 15:45:27.479690,5009643.5,386.88
25/11/2020 15:45:28.511999,5009643.5,386.88
25/11/2020 15:45:29.544160,5009643.4,386.87
25/11/2020 15:45:30.575326,5009643.4,386.86
25/11/2020 15:45:31.607177,5009643.3,386.86
25/11/2020 15:45:32.638961,5009643.3,386.86
25/11/2020 15:45:33.671147,5009643.2,386.83
25/11/2020 15:45:34.703441,5009643.3,386.86
25/11/2020 15:45:35.736564,5009643.3,386.88
25/11/2020 15:45:36.767721,5009643,386.88
25/11/2020 15:45:37.799996,5009643,386.84
25/11/2020 15:45:38.832272,5009643,386.83
25/11/2020 15:45:39.863399,5009643,386.85
25/11/2020 15:45:40.894895,5009642.9,386.83
25/11/2020 15:45:41.927157,5009642.9,386.84
25/11/2020 15:45:42.959575,5009642.9,386.87
25/11/2020 15:45:43.991944,5009642.8,386.82
25/11/2020 15:45:45.24361,5009642.6,386.85
25/11/2020 15:45:46.56741,5009642.8,386.8
25/11/2020 15:45:47.88904,5009642.6,386.86
25/11/2020 15:45:48.121054,5009642.5,386.84
25/11/2020 15:45:49.153227,5009642.4,386.85
25/11/2020 15:45:50.184971,5009642.4,386.82
25/11/2020 15:45:51.216271,5009642.3,386.82
25/11/2020 15:45:52.248685,5009642.4,386.82
25/11/2020 15:45:53.281008,5009642.3,386.83
25/11/2020 15:45:54.313537,5009642.3,386.83
25/11/2020 15:45:55.345811,5009642.3,386.84
25/11/2020 15:45:56.378042,5009642.3,386.84
25/11/2020 15:45:57.409747,5009642.2,386.84
25/11/2020 15:45:58.440600,5009642.1,386.84
25/11/2020 15:45:59.471618,5009642.1,386.84
25/11/2020 15:46:0.503842,5009642,386.84
25/11/2020 15:46:1.536249,5009642,386.83
25/11/2020 15:46:2.569944,5009642,386.83
25/11/2020 15:46:3.602183,5009641.9,386.83
25/11/2020 15:46:4.633731,5009641.8,386.83
25/11/2020 15:46:5.665711,5009641.8,386.83
25/11/2020 15:46:6.697279,5009641.8,386.83
25/11/2020 15:46:7.728392,5009641.7,386.82
25/11/2020 15:46:8.760315,5009641.7,386.83
25/11/2020 15:46:9.791926,5009641.7,386.82
25/11/2020 15:46:10.823060,5009641.7,386.82
25/11/2020 15:46:11.855929,5009641.6,386.83
25/11/2020 15:46:12.888308,5009641.6,386.82
25/11/2020 15:46:13.920509,5009641.6,386.83
25/11/2020 15:46:14.951692,5009641.5,386.82
25/11/2020 15:46:15.984079,5009641.5,386.82
25/11/2020 15:46:17.14855,5009641.4,386.82
25/11/2020 15:46:18.46167,5009641.3,386.82
25/11/2020 15:46:19.80614,5009641.4,386.82
25/11/2020 15:46:20.111687,5009641.3,386.82
25/11/2020 15:46:21.143630,5009641.3,386.82
25/11/2020 15:46:22.175435,5009641.3,386.82
25/11/2020 15:46:23.206827,5009641.2,386.82
25/11/2020 15:46:24.238461,5009641.1,386.82
25/11/2020 15:46:25.270682,5009641,386.82
25/11/2020 15:46:26.301826,5009641,386.82
25/11/2020 15:46:27.333418,5009640.9,386.82
25/11/2020 15:46:28.365739,5009640.9,386.82
25/11/2020 15:46:29.399395,5009640.9,386.82
25/11/2020 15:46:30.432021,5009640.8,386.81
25/11/2020 15:46:31.464094,5009640.8,386.81
25/11/2020 15:46:32.495884,5009640.8,386.81
25/11/2020 15:46:33.527304,5009640.7,386.82
25/11/2020 15:46:34.559833,5009640.7,386.81
25/11/2020 15:46:35.591485,5009640.7,386.81
25/11/2020 15:46:36.623674,5009640.7,386.81
25/11/2020 15:46:37.657162,5009640.6,386.81
25/11/2020 15:46:38.689202,5009640.6,386.81
25/11/2020 15:46:39.723491,5009640.6,386.8
25/11/2020 15:46:40.754853,5009640.6,386.81
25/11/2020 15:46:41.786319,5009640.5,386.8
25/11/2020 15:46:42.818839,5009640.5,386.81
25/11/2020 15:46:43.851842,5009640.4,386.81
25/11/2020 15:46:44.885001,5009640.4,386.8
25/11/2020 15:46:45.916134,5009640.4,386.81
25/11/2020 15:46:46.948372,5009640.4,386.81
25/11/2020 15:46:47.980774,5009640.3,386.8
25/11/2020 15:46:49.12372,5009640.3,386.8
25/11/2020 15:46:50.43745,5009640.3,386.8
25/11/2020 15:46:51.76017,5009640.2,386.8
25/11/2020 15:46:52.107431,5009640.2,386.8
25/11/2020 15:46:53.138898,5009640.1,386.8
25/11/2020 15:46:54.171279,5009640.1,386.8
25/11/2020 15:46:55.203486,5009640.1,386.8
25/11/2020 15:46:56.235858,5009640.1,386.8
25/11/2020 15:46:57.268287,5009640,386.79
25/11/2020 15:46:58.300915,5009640,386.8
25/11/2020 15:46:59.331979,5009640,386.79
25/11/2020 15:47:0.364362,5009640,386.79
25/11/2020 15:47:1.395372,5009639.9,386.79
25/11/2020 15:47:2.428055,5009639.9,386.78
25/11/2020 15:47:3.460515,5009639.9,386.77
25/11/2020 15:47:4.492806,5009639.8,386.78
25/11/2020 15:47:5.525957,5009639.9,386.78
25/11/2020 15:47:6.557516,5009639.8,386.78
25/11/2020 15:47:7.590016,5009639.8,386.78
25/11/2020 15:47:8.622347,5009639.8,386.78
25/11/2020 15:47:9.654667,5009639.8,386.78
25/11/2020 15:47:10.686074,5009639.7,386.78
25/11/2020 15:47:11.717192,5009639.6,386.77
25/11/2020 15:47:12.749074,5009639.6,386.77
25/11/2020 15:47:13.781031,5009639.6,386.76
25/11/2020 15:47:14.813507,5009639.6,386.77
25/11/2020 15:47:15.846029,5009639.6,386.77
25/11/2020 15:47:16.878570,5009639.5,386.77
25/11/2020 15:47:17.911007,5009639.5,386.77
25/11/2020 15:47:18.942478,5009639.4,386.77
25/11/2020 15:47:19.975755,5009639.5,386.77
25/11/2020 15:47:21.9726,5009639.4,386.77
25/11/2020 15:47:22.41796,5009639.4,386.77
25/11/2020 15:47:23.74183,5009639.3,386.77
25/11/2020 15:47:24.106186,5009639.3,386.76
25/11/2020 15:47:25.138358,5009639.3,386.77
25/11/2020 15:47:26.169577,5009639.2,386.77
25/11/2020 15:47:27.201916,5009639.2,386.77
25/11/2020 15:47:28.234142,5009639.3,386.76
25/11/2020 15:47:29.266512,5009639.2,386.77
25/11/2020 15:47:30.298145,5009639.2,386.77
25/11/2020 15:47:31.329120,5009639.1,386.77
25/11/2020 15:47:32.360450,5009639.1,386.76
25/11/2020 15:47:33.392751,5009639.1,386.76
25/11/2020 15:47:34.425269,5009639.1,386.77
25/11/2020 15:47:35.457536,5009638.9,386.77
25/11/2020 15:47:36.489847,5009638.9,386.77
25/11/2020 15:47:37.522102,5009638.9,386.77
25/11/2020 15:47:38.554247,5009638.9,386.77
25/11/2020 15:47:39.586592,5009638.9,386.77
25/11/2020 15:47:40.617832,5009638.8,386.77
25/11/2020 15:47:41.272289,5009638.8,386.77
25/11/2020 15:47:42.303507,5009638.8,386.77
25/11/2020 15:47:43.335830,5009638.7,386.76
25/11/2020 15:47:44.367447,5009638.7,386.76
25/11/2020 15:47:45.399322,5009638.7,386.76
25/11/2020 15:47:46.432291,5009638.6,386.77
25/11/2020 15:47:47.464961,5009638.6,386.77
25/11/2020 15:47:48.496456,5009638.6,386.77
25/11/2020 15:47:49.528685,5009638.6,386.77
25/11/2020 15:47:50.560250,5009638.6,386.76
25/11/2020 15:47:51.592185,5009638.4,386.76
25/11/2020 15:47:52.623561,5009638.4,386.76
25/11/2020 15:47:53.654415,5009638.4,386.76
25/11/2020 15:47:54.686852,5009638.5,386.76
25/11/2020 15:47:55.718988,5009638.4,386.76
25/11/2020 15:47:56.751407,5009638.4,386.76
25/11/2020 15:47:57.783684,5009638.3,386.76
25/11/2020 15:47:58.815924,5009638.3,386.75
25/11/2020 15:47:59.846964,5009638.3,386.74
25/11/2020 15:48:0.877742,5009638.3,386.73
25/11/2020 15:48:1.910264,5009638.2,386.73
25/11/2020 15:48:2.942490,5009638.1,386.73
25/11/2020 15:48:3.974754,5009638.1,386.73
25/11/2020 15:48:5.6788,5009638.1,386.73
25/11/2020 15:48:6.39419,5009638.1,386.73
25/11/2020 15:48:7.72250,5009638,386.73
25/11/2020 15:48:8.104767,5009638.1,386.73
25/11/2020 15:48:9.137045,5009638,386.73
25/11/2020 15:48:10.168965,5009638,386.73
25/11/2020 15:48:11.200330,5009638,386.73
25/11/2020 15:48:12.231673,5009638,386.72
25/11/2020 15:48:13.263980,5009637.9,386.72
25/11/2020 15:48:14.296457,5009637.9,386.72
25/11/2020 15:48:15.330188,5009637.9,386.73
25/11/2020 15:48:16.362869,5009637.9,386.72
25/11/2020 15:48:17.394182,5009637.9,386.72
25/11/2020 15:48:18.426503,5009637.9,386.72
25/11/2020 15:48:19.458878,5009637.8,386.73
25/11/2020 15:48:20.491031,5009637.8,386.73
25/11/2020 15:48:21.522321,5009637.8,386.73
25/11/2020 15:48:22.554622,5009637.8,386.73
25/11/2020 15:48:23.586860,5009637.7,386.72
25/11/2020 15:48:24.618448,5009637.6,386.72
25/11/2020 15:48:25.650331,5009637.7,386.72
25/11/2020 15:48:26.682523,5009637.7,386.72
25/11/2020 15:48:27.714264,5009637.7,386.72
25/11/2020 15:48:28.746844,5009637.6,386.72
25/11/2020 15:48:29.779622,5009637.5,386.72
25/11/2020 15:48:30.812859,5009637.4,386.72
25/11/2020 15:48:31.846140,5009637.6,386.72
25/11/2020 15:48:32.877670,5009637.5,386.72
25/11/2020 15:48:33.910314,5009637.4,386.72
25/11/2020 15:48:34.941596,5009637.4,386.72
25/11/2020 15:48:35.975793,5009637.4,386.72
25/11/2020 15:48:37.7784,5009637.4,386.72
25/11/2020 15:48:38.41437,5009637.3,386.72
25/11/2020 15:48:39.74558,5009637.4,386.72
25/11/2020 15:48:40.107889,5009637.3,386.72
25/11/2020 15:48:41.141778,5009637.3,386.71
25/11/2020 15:48:42.176887,5009637.3,386.72
25/11/2020 15:48:43.208948,5009637.3,386.72
25/11/2020 15:48:44.243232,5009637.2,386.72
25/11/2020 15:48:45.274477,5009637.1,386.72
25/11/2020 15:48:46.305661,5009637.2,386.71
25/11/2020 15:48:47.337578,5009637.1,386.72
25/11/2020 15:48:48.369739,5009637.1,386.72
25/11/2020 15:48:49.401316,5009637.1,386.72
25/11/2020 15:48:50.433414,5009637,386.72
25/11/2020 15:48:51.464761,5009637,386.71
25/11/2020 15:48:52.496854,5009637,386.71
25/11/2020 15:48:53.528178,5009637,386.72
25/11/2020 15:48:54.559972,5009637,386.72
25/11/2020 15:48:55.591984,5009637,386.72
25/11/2020 15:48:56.623798,5009636.9,386.72
25/11/2020 15:48:57.655893,5009636.9,386.71
25/11/2020 15:48:58.687105,5009636.9,386.71
25/11/2020 15:48:59.718813,5009636.9,386.71
25/11/2020 15:49:0.751908,5009636.8,386.71
25/11/2020 15:49:1.783149,5009636.9,386.71
25/11/2020 15:49:2.814787,5009636.8,386.71
25/11/2020 15:49:3.846073,5009636.8,386.71
25/11/2020 15:49:4.882282,5009636.8,386.72
25/11/2020 15:49:5.915795,5009636.8,386.72
25/11/2020 15:49:6.948179,5009636.7,386.71
25/11/2020 15:49:7.980712,5009636.6,386.71
25/11/2020 15:49:9.11531,5009636.7,386.71
25/11/2020 15:49:10.42668,5009636.7,386.71
25/11/2020 15:49:11.75031,5009636.7,386.7
25/11/2020 15:49:12.105983,5009636.6,386.7
25/11/2020 15:49:13.138194,5009636.6,386.7
25/11/2020 15:49:14.170494,5009636.5,386.7
25/11/2020 15:49:15.202538,5009636.6,386.71
25/11/2020 15:49:16.235156,5009636.5,386.7
25/11/2020 15:49:17.266404,5009636.6,386.7
25/11/2020 15:49:18.298075,5009636.4,386.7
25/11/2020 15:49:19.328952,5009636.5,386.7
25/11/2020 15:49:20.361342,5009636.4,386.7
25/11/2020 15:49:21.392587,5009636.3,386.7
25/11/2020 15:49:22.424242,5009636.3,386.69
25/11/2020 15:49:23.456308,5009636.3,386.69
25/11/2020 15:49:24.488394,5009636.2,386.68
25/11/2020 15:49:25.519129,5009636.2,386.68
25/11/2020 15:49:26.550870,5009636.2,386.67
25/11/2020 15:49:27.582221,5009636.1,386.68
25/11/2020 15:49:28.614557,5009636.2,386.68
25/11/2020 15:49:29.646918,5009636.1,386.68
25/11/2020 15:49:30.679542,5009636.1,386.68
25/11/2020 15:49:31.711055,5009636.1,386.68
25/11/2020 15:49:32.742621,5009636.1,386.67
25/11/2020 15:49:33.774434,5009636,386.68
25/11/2020 15:49:34.805503,5009636,386.68
25/11/2020 15:49:35.837698,5009636,386.68
25/11/2020 15:49:36.868776,5009636,386.68
25/11/2020 15:49:37.901198,5009635.9,386.68
25/11/2020 15:49:38.933565,5009636,386.67
25/11/2020 15:49:39.965518,5009635.9,386.67
25/11/2020 15:49:40.996430,5009635.9,386.67
25/11/2020 15:49:42.27467,5009635.9,386.68
25/11/2020 15:49:43.59879,5009635.9,386.68
25/11/2020 15:49:44.92190,5009635.8,386.68
25/11/2020 15:49:45.123511,5009635.8,386.68
25/11/2020 15:49:46.155291,5009635.8,386.68
25/11/2020 15:49:47.186793,5009635.7,386.68
25/11/2020 15:49:48.219306,5009635.7,386.68
25/11/2020 15:49:49.251574,5009635.6,386.68
25/11/2020 15:49:50.282945,5009635.7,386.68
25/11/2020 15:49:51.314903,5009635.7,386.68
25/11/2020 15:49:52.347624,5009635.6,386.68
25/11/2020 15:49:53.379006,5009635.6,386.68
25/11/2020 15:49:54.411446,5009635.6,386.67
25/11/2020 15:49:55.443451,5009635.5,386.68
25/11/2020 15:49:56.475739,5009635.6,386.67
25/11/2020 15:49:57.506440,5009635.4,386.67
25/11/2020 15:49:58.538025,5009635.4,386.67
25/11/2020 15:49:59.569194,5009635.4,386.67
25/11/2020 15:50:0.601992,5009635.4,386.67
25/11/2020 15:50:1.634143,5009635.4,386.67
25/11/2020 15:50:2.667339,5009635.4,386.68
25/11/2020 15:50:3.699255,5009635.3,386.67
25/11/2020 15:50:4.730375,5009635.4,386.68
25/11/2020 15:50:5.762032,5009635.3,386.66
25/11/2020 15:50:6.793859,5009635.3,386.66
25/11/2020 15:50:7.825215,5009635.2,386.66
25/11/2020 15:50:8.856457,5009635.1,386.66
25/11/2020 15:50:9.887783,5009635.3,386.66
25/11/2020 15:50:10.920138,5009635.1,386.66
25/11/2020 15:50:11.951699,5009635.1,386.66
25/11/2020 15:50:12.984038,5009635,386.67
25/11/2020 15:50:14.15414,5009635.1,386.67
25/11/2020 15:50:15.46095,5009635,386.67
25/11/2020 15:50:16.78766,5009635,386.67
25/11/2020 15:50:17.110681,5009635,386.67
25/11/2020 15:50:18.142386,5009635,386.67
25/11/2020 15:50:19.173992,5009634.9,386.67
25/11/2020 15:50:20.205900,5009634.9,386.67
25/11/2020 15:50:21.237765,5009634.9,386.67
25/11/2020 15:50:22.268585,5009634.9,386.67
25/11/2020 15:50:23.304381,5009634.8,386.67
25/11/2020 15:50:24.336682,5009634.8,386.67
25/11/2020 15:50:25.367781,5009634.7,386.67
25/11/2020 15:50:26.400104,5009634.7,386.67
25/11/2020 15:50:27.432788,5009634.7,386.67
25/11/2020 15:50:28.464760,5009634.7,386.68
25/11/2020 15:50:29.497047,5009634.6,386.68
25/11/2020 15:50:30.529024,5009634.6,386.68
25/11/2020 15:50:31.561652,5009634.5,386.68
25/11/2020 15:50:32.593089,5009634.4,386.69
25/11/2020 15:50:33.624315,5009634.4,386.68
25/11/2020 15:50:34.655639,5009634.4,386.69
25/11/2020 15:50:35.688400,5009634.4,386.69
25/11/2020 15:50:36.719989,5009634.4,386.69
25/11/2020 15:50:37.750933,5009634.3,386.73
25/11/2020 15:50:38.782547,5009634.3,386.73
25/11/2020 15:50:39.815321,5009634.3,386.74
25/11/2020 15:50:40.847583,5009634.2,386.74
25/11/2020 15:50:41.878891,5009634.3,386.74
25/11/2020 15:50:42.910606,5009634.1,386.74
25/11/2020 15:50:43.942852,5009634.1,386.75
25/11/2020 15:50:44.975165,5009634.1,386.75
25/11/2020 15:50:46.7307,5009634,386.75
25/11/2020 15:50:47.39668,5009634,386.76
25/11/2020 15:50:48.71385,5009633.9,386.76
25/11/2020 15:50:49.108358,5009633.9,386.76
25/11/2020 15:50:50.140655,5009633.9,386.76
25/11/2020 15:50:51.173038,5009633.9,386.76
25/11/2020 15:50:52.204671,5009633.9,386.75
25/11/2020 15:50:53.236694,5009633.8,386.76
25/11/2020 15:50:54.268075,5009633.8,386.76
25/11/2020 15:50:55.300292,5009633.7,386.76
25/11/2020 15:50:56.332348,5009633.6,386.77
25/11/2020 15:50:57.363777,5009633.7,386.77
25/11/2020 15:50:58.396405,5009633.6,386.77
25/11/2020 15:50:59.428786,5009633.6,386.78
25/11/2020 15:51:0.461335,5009633.5,386.78
25/11/2020 15:51:1.493395,5009633.5,386.79
25/11/2020 15:51:2.525646,5009633.4,386.79
25/11/2020 15:51:3.557658,5009633.4,386.79
25/11/2020 15:51:4.588876,5009633.4,386.8
25/11/2020 15:51:5.620452,5009633.3,386.8
25/11/2020 15:51:6.651682,5009633.4,386.8
25/11/2020 15:51:7.683579,5009633.3,386.8
25/11/2020 15:51:8.717947,5009633.3,386.8
25/11/2020 15:51:9.753685,5009633.2,386.81
25/11/2020 15:51:10.786027,5009633.1,386.81
25/11/2020 15:51:11.817886,5009633.1,386.8
25/11/2020 15:51:12.848646,5009633.1,386.81
25/11/2020 15:51:13.880419,5009633,386.81
25/11/2020 15:51:14.912838,5009633,386.82
25/11/2020 15:51:15.944258,5009632.9,386.82
25/11/2020 15:51:16.976020,5009632.9,386.82
25/11/2020 15:51:18.8510,5009632.9,386.82
25/11/2020 15:51:19.40664,5009632.9,386.82
25/11/2020 15:51:20.73308,5009632.8,386.82
25/11/2020 15:51:21.105597,5009632.8,386.83
25/11/2020 15:51:22.137472,5009632.8,386.83
25/11/2020 15:51:23.169229,5009632.8,386.83
25/11/2020 15:51:24.201579,5009632.6,386.84
25/11/2020 15:51:25.233744,5009632.6,386.84
25/11/2020 15:51:26.265130,5009632.6,386.85
25/11/2020 15:51:27.296221,5009632.6,386.85
25/11/2020 15:51:28.328516,5009632.5,386.85
25/11/2020 15:51:29.359796,5009632.5,386.85
25/11/2020 15:51:30.391668,5009632.4,386.86
25/11/2020 15:51:31.422931,5009632.4,386.86
25/11/2020 15:51:32.455261,5009632.4,386.87
25/11/2020 15:51:33.487186,5009632.3,386.87
25/11/2020 15:51:34.518869,5009632.4,386.87
25/11/2020 15:51:35.550762,5009632.3,386.88
25/11/2020 15:51:36.581789,5009632.2,386.88
25/11/2020 15:51:37.614137,5009632.1,386.89
25/11/2020 15:51:38.645332,5009632.1,386.89
25/11/2020 15:51:39.676768,5009632.1,386.89
25/11/2020 15:51:40.708496,5009632.1,386.9
25/11/2020 15:51:41.744053,5009632,386.9
25/11/2020 15:51:42.775324,5009632,386.9
25/11/2020 15:51:43.807691,5009632,386.9
25/11/2020 15:51:44.839978,5009631.9,386.91
25/11/2020 15:51:45.871691,5009631.9,386.91
25/11/2020 15:51:46.904079,5009631.9,386.91
25/11/2020 15:51:47.936667,5009631.8,386.91
25/11/2020 15:51:48.969123,5009631.8,386.92
25/11/2020 15:51:50.1152,5009631.8,386.92
25/11/2020 15:51:51.33674,5009631.7,386.92
25/11/2020 15:51:52.65562,5009631.7,386.93
25/11/2020 15:51:53.98410,5009631.6,386.93
25/11/2020 15:51:54.131810,5009631.6,386.93
25/11/2020 15:51:55.164426,5009631.6,386.94
25/11/2020 15:51:56.196471,5009631.6,386.94
25/11/2020 15:51:57.228670,5009631.4,386.95
25/11/2020 15:51:58.262191,5009631.5,386.95
25/11/2020 15:51:59.294454,5009631.4,386.96
25/11/2020 15:52:0.326849,5009631.4,386.96
25/11/2020 15:52:1.358898,5009631.3,386.96
25/11/2020 15:52:2.390704,5009631.3,386.96
25/11/2020 15:52:3.422441,5009631.3,386.96
25/11/2020 15:52:4.455889,5009631.3,386.97
25/11/2020 15:52:5.488433,5009631.2,386.97
25/11/2020 15:52:6.520798,5009631.2,386.97
25/11/2020 15:52:7.553108,5009631.1,386.98
25/11/2020 15:52:8.585533,5009631.1,386.98
25/11/2020 15:52:9.616649,5009631.1,386.98
25/11/2020 15:52:10.647960,5009631,386.98
25/11/2020 15:52:11.679059,5009630.9,386.99
25/11/2020 15:52:12.710316,5009630.9,387
25/11/2020 15:52:13.741989,5009630.9,387
25/11/2020 15:52:14.773695,5009630.8,387.01
25/11/2020 15:52:15.805157,5009630.9,387.01
25/11/2020 15:52:16.836709,5009630.8,387.02
25/11/2020 15:52:17.868028,5009630.8,387.01
25/11/2020 15:52:18.898988,5009630.7,387.02
25/11/2020 15:52:19.931003,5009630.6,387.03
25/11/2020 15:52:20.963944,5009630.6,387.03
25/11/2020 15:52:21.995523,5009630.6,387.03
25/11/2020 15:52:23.27358,5009630.5,387.03
25/11/2020 15:52:24.59159,5009630.5,387.04
25/11/2020 15:52:25.90354,5009630.5,387.04
25/11/2020 15:52:26.121288,5009630.4,387.05
25/11/2020 15:52:27.153764,5009630.4,387.05
25/11/2020 15:52:28.185192,5009630.4,387.05
25/11/2020 15:52:29.217517,5009630.4,387.05
25/11/2020 15:52:30.248770,5009630.3,387.07
25/11/2020 15:52:31.280477,5009630.4,387.07
25/11/2020 15:52:32.314269,5009630.2,387.07
25/11/2020 15:52:33.349013,5009630.3,387.08
25/11/2020 15:52:34.381024,5009630.2,387.08
25/11/2020 15:52:35.412246,5009630.1,387.08
25/11/2020 15:52:36.443576,5009630.1,387.08
25/11/2020 15:52:37.475287,5009630.1,387.09
25/11/2020 15:52:38.506533,5009630.1,387.09
25/11/2020 15:52:39.538885,5009630.1,387.09
25/11/2020 15:52:40.570597,5009630,387.1
25/11/2020 15:52:41.601958,5009630,387.1
25/11/2020 15:52:42.633333,5009630,387.1
25/11/2020 15:52:43.665519,5009630,387.11
25/11/2020 15:52:44.697631,5009629.9,387.11
25/11/2020 15:52:45.729445,5009629.9,387.12
25/11/2020 15:52:46.761170,5009629.8,387.12
25/11/2020 15:52:47.793520,5009629.9,387.12
25/11/2020 15:52:48.826169,5009629.8,387.13
25/11/2020 15:52:49.857308,5009629.8,387.13
25/11/2020 15:52:50.889387,5009629.8,387.13
25/11/2020 15:52:51.921525,5009629.7,387.13
25/11/2020 15:52:52.954259,5009629.6,387.14
25/11/2020 15:52:53.987014,5009629.6,387.14
25/11/2020 15:52:55.18555,5009629.6,387.15
25/11/2020 15:52:56.50152,5009629.6,387.15
25/11/2020 15:52:57.83533,5009629.6,387.16
25/11/2020 15:52:58.119679,5009629.5,387.16
25/11/2020 15:52:59.151451,5009629.6,387.16
25/11/2020 15:53:0.183537,5009629.6,387.17
25/11/2020 15:53:1.216008,5009629.4,387.17
25/11/2020 15:53:2.248208,5009629.4,387.17
25/11/2020 15:53:3.279749,5009629.4,387.18
25/11/2020 15:53:4.310986,5009629.4,387.18
25/11/2020 15:53:5.342100,5009629.3,387.18
25/11/2020 15:53:6.374107,5009629.3,387.18
25/11/2020 15:53:7.405307,5009629.3,387.19
25/11/2020 15:53:8.437722,5009629.3,387.19
25/11/2020 15:53:9.469826,5009629.3,387.2
25/11/2020 15:53:10.501055,5009629.3,387.2
25/11/2020 15:53:11.533725,5009629.2,387.21
25/11/2020 15:53:12.564828,5009629.1,387.22
25/11/2020 15:53:13.596884,5009629.2,387.22
25/11/2020 15:53:14.628790,5009629.1,387.23
25/11/2020 15:53:15.660350,5009629.1,387.23
25/11/2020 15:53:16.691736,5009629,387.23
25/11/2020 15:53:17.724080,5009629,387.23
25/11/2020 15:53:18.755392,5009629,387.24
25/11/2020 15:53:19.787656,5009629,387.24
25/11/2020 15:53:20.819723,5009629,387.25
25/11/2020 15:53:21.851234,5009629,387.25
25/11/2020 15:53:22.882544,5009628.9,387.25
25/11/2020 15:53:23.914780,5009628.9,387.26
25/11/2020 15:53:24.947072,5009628.9,387.26
25/11/2020 15:53:25.978227,5009628.9,387.27
25/11/2020 15:53:27.10882,5009628.9,387.27
25/11/2020 15:53:28.46298,5009628.9,387.27
25/11/2020 15:53:29.78603,5009628.8,387.27
25/11/2020 15:53:30.110934,5009628.8,387.27
25/11/2020 15:53:31.143208,5009628.8,387.28
25/11/2020 15:53:32.175626,5009628.8,387.28
25/11/2020 15:53:33.207182,5009628.8,387.29
25/11/2020 15:53:34.239388,5009628.8,387.29
25/11/2020 15:53:35.271595,5009628.8,387.29
25/11/2020 15:53:36.303569,5009628.7,387.29
25/11/2020 15:53:37.335008,5009628.7,387.3
25/11/2020 15:53:38.366190,5009628.6,387.3
25/11/2020 15:53:39.398209,5009628.6,387.3
25/11/2020 15:53:40.429412,5009628.6,387.31
25/11/2020 15:53:41.461531,5009628.6,387.31
25/11/2020 15:53:42.492651,5009628.5,387.32
25/11/2020 15:53:43.525322,5009628.5,387.32
25/11/2020 15:53:44.556475,5009628.4,387.32
25/11/2020 15:53:45.588406,5009628.5,387.33
25/11/2020 15:53:46.619974,5009628.5,387.32
25/11/2020 15:53:47.651943,5009628.4,387.33
25/11/2020 15:53:48.684394,5009628.4,387.34
25/11/2020 15:53:49.716720,5009628.3,387.34
25/11/2020 15:53:50.749605,5009628.3,387.35
25/11/2020 15:53:51.782696,5009628.4,387.35
25/11/2020 15:53:52.817283,5009628.3,387.35
25/11/2020 15:53:53.849514,5009628.3,387.36
25/11/2020 15:53:54.880813,5009628.3,387.36
25/11/2020 15:53:55.913358,5009628.3,387.36
25/11/2020 15:53:56.946806,5009628.3,387.36
25/11/2020 15:53:57.978677,5009628.3,387.37
25/11/2020 15:53:59.9859,5009628.2,387.37
25/11/2020 15:54:0.42294,5009628.1,387.37
25/11/2020 15:54:1.74309,5009628.1,387.38
25/11/2020 15:54:2.105679,5009628.1,387.38
25/11/2020 15:54:3.137836,5009628.1,387.38
25/11/2020 15:54:4.169870,5009628.1,387.38
25/11/2020 15:54:5.203497,5009628.1,387.38
25/11/2020 15:54:6.235656,5009628.1,387.39
25/11/2020 15:54:7.267730,5009628.1,387.39
25/11/2020 15:54:8.298762,5009628,387.4
25/11/2020 15:54:9.331347,5009628,387.4
25/11/2020 15:54:10.363132,5009628,387.4
25/11/2020 15:54:11.395287,5009628,387.4
25/11/2020 15:54:12.427162,5009627.9,387.41
25/11/2020 15:54:13.459570,5009627.9,387.41
25/11/2020 15:54:14.493436,5009628,387.42
25/11/2020 15:54:15.525539,5009627.9,387.42
25/11/2020 15:54:16.556964,5009627.9,387.43
25/11/2020 15:54:17.590668,5009627.9,387.42
25/11/2020 15:54:18.623504,5009627.9,387.42
25/11/2020 15:54:19.655530,5009627.9,387.42
25/11/2020 15:54:20.689364,5009627.9,387.43
25/11/2020 15:54:21.721853,5009627.8,387.43
25/11/2020 15:54:22.754903,5009627.8,387.44
25/11/2020 15:54:23.786770,5009627.8,387.44
25/11/2020 15:54:24.818162,5009627.8,387.44
25/11/2020 15:54:25.851275,5009627.8,387.44
25/11/2020 15:54:26.884710,5009627.8,387.45
25/11/2020 15:54:27.916937,5009627.8,387.45
25/11/2020 15:54:28.948063,5009627.8,387.45
25/11/2020 15:54:29.979038,5009627.8,387.45
25/11/2020 15:54:31.12437,5009627.7,387.46
25/11/2020 15:54:32.44066,5009627.7,387.47
25/11/2020 15:54:33.75680,5009627.6,387.47
25/11/2020 15:54:34.106711,5009627.6,387.46
25/11/2020 15:54:35.137829,5009627.6,387.46
25/11/2020 15:54:36.170145,5009627.6,387.47
25/11/2020 15:54:37.201530,5009627.6,387.48
25/11/2020 15:54:38.233411,5009627.6,387.48
25/11/2020 15:54:39.265492,5009627.5,387.48
25/11/2020 15:54:40.298191,5009627.5,387.48
25/11/2020 15:54:41.329387,5009627.6,387.48
25/11/2020 15:54:42.360923,5009627.5,387.48
25/11/2020 15:54:43.393454,5009627.4,387.48
25/11/2020 15:54:44.425396,5009627.4,387.49
25/11/2020 15:54:45.459724,5009627.5,387.49
25/11/2020 15:54:46.491808,5009627.4,387.49
25/11/2020 15:54:47.524723,5009627.4,387.49
25/11/2020 15:54:48.555597,5009627.5,387.5
25/11/2020 15:54:49.586718,5009627.4,387.5
25/11/2020 15:54:50.618616,5009627.4,387.5
25/11/2020 15:54:51.649621,5009627.4,387.51
25/11/2020 15:54:52.682589,5009627.4,387.52
25/11/2020 15:54:53.714434,5009627.3,387.53
25/11/2020 15:54:54.746591,5009627.4,387.52
25/11/2020 15:54:55.779432,5009627.4,387.54
25/11/2020 15:54:56.814926,5009627.3,387.53
25/11/2020 15:54:57.849035,5009627.3,387.54
25/11/2020 15:54:58.882503,5009627.3,387.53
25/11/2020 15:54:59.915716,5009627.3,387.54
25/11/2020 15:55:0.949326,5009627.3,387.54
25/11/2020 15:55:1.982299,5009627.3,387.55
25/11/2020 15:55:3.13905,5009627.3,387.55
25/11/2020 15:55:4.47226,5009627.3,387.56
25/11/2020 15:55:5.79989,5009627.2,387.57
25/11/2020 15:55:6.113506,5009627.3,387.57
25/11/2020 15:55:7.146231,5009627.1,387.56
25/11/2020 15:55:8.178308,5009627.2,387.54
25/11/2020 15:55:9.210732,5009627.1,387.54
25/11/2020 15:55:10.242875,5009627.1,387.55
25/11/2020 15:55:11.274639,5009627.2,387.57
25/11/2020 15:55:12.306053,5009627.2,387.57
25/11/2020 15:55:13.338146,5009627.1,387.58
25/11/2020 15:55:14.370511,5009627.2,387.61
25/11/2020 15:55:15.401272,5009627.1,387.62
25/11/2020 15:55:16.432279,5009627,387.62
25/11/2020 15:55:17.464484,5009627,387.6
25/11/2020 15:55:18.496816,5009627,387.58
25/11/2020 15:55:19.528484,5009627.1,387.57
25/11/2020 15:55:20.561019,5009627.1,387.58
25/11/2020 15:55:21.596552,5009627.1,387.59
25/11/2020 15:55:22.628718,5009627.1,387.58
25/11/2020 15:55:23.660160,5009627.1,387.6
25/11/2020 15:55:24.691600,5009627,387.61
25/11/2020 15:55:25.723212,5009627,387.62
25/11/2020 15:55:26.755490,5009627,387.61
25/11/2020 15:55:27.786855,5009627,387.61
25/11/2020 15:55:28.819202,5009627,387.61
25/11/2020 15:55:29.850946,5009627,387.61
25/11/2020 15:55:30.882989,5009627,387.61
25/11/2020 15:55:31.916106,5009627,387.61
25/11/2020 15:55:32.947329,5009627,387.62
25/11/2020 15:55:33.978934,5009627,387.62
25/11/2020 15:55:35.11839,5009626.9,387.62
25/11/2020 15:55:36.45560,5009627,387.63
25/11/2020 15:55:37.77896,5009627,387.63
25/11/2020 15:55:38.110314,5009626.9,387.63
25/11/2020 15:55:39.141705,5009626.9,387.65
25/11/2020 15:55:40.173771,5009626.8,387.67
25/11/2020 15:55:41.208740,5009626.8,387.68
25/11/2020 15:55:42.240675,5009626.9,387.68
25/11/2020 15:55:43.272870,5009626.8,387.68
25/11/2020 15:55:44.304804,5009626.9,387.68
25/11/2020 15:55:45.336608,5009626.8,387.69
25/11/2020 15:55:46.367931,5009626.8,387.69
25/11/2020 15:55:47.400084,5009626.8,387.69
25/11/2020 15:55:48.432441,5009626.8,387.7
25/11/2020 15:55:49.464816,5009626.8,387.71
25/11/2020 15:55:50.496897,5009626.8,387.71
25/11/2020 15:55:51.528429,5009626.8,387.71
25/11/2020 15:55:52.559567,5009626.8,387.71
25/11/2020 15:55:53.592159,5009626.8,387.71
25/11/2020 15:55:54.623708,5009626.8,387.71
25/11/2020 15:55:55.655770,5009626.8,387.71
25/11/2020 15:55:56.688106,5009626.8,387.71
25/11/2020 15:55:57.720330,5009626.8,387.72
25/11/2020 15:55:58.752591,5009626.8,387.72
25/11/2020 15:55:59.783747,5009626.8,387.72
25/11/2020 15:56:0.815034,5009626.8,387.72
25/11/2020 15:56:1.846523,5009626.7,387.73
25/11/2020 15:56:2.878932,5009626.8,387.73
25/11/2020 15:56:3.910208,5009626.8,387.73
25/11/2020 15:56:4.942486,5009626.7,387.73
25/11/2020 15:56:5.974840,5009626.7,387.73
25/11/2020 15:56:7.6274,5009626.7,387.73
25/11/2020 15:56:8.38374,5009626.7,387.73
25/11/2020 15:56:9.70305,5009626.7,387.73
25/11/2020 15:56:10.102763,5009626.7,387.74
25/11/2020 15:56:11.134977,5009626.6,387.74
25/11/2020 15:56:12.166121,5009626.7,387.74
25/11/2020 15:56:13.198094,5009626.7,387.74
25/11/2020 15:56:14.229912,5009626.8,387.74
25/11/2020 15:56:15.261953,5009626.8,387.72
25/11/2020 15:56:16.294223,5009626.8,387.72
25/11/2020 15:56:17.326258,5009626.8,387.73
25/11/2020 15:56:18.357767,5009626.7,387.72
25/11/2020 15:56:19.390545,5009626.7,387.73
25/11/2020 15:56:20.422880,5009626.7,387.74
25/11/2020 15:56:21.454526,5009626.8,387.74
25/11/2020 15:56:22.486535,5009626.7,387.74
25/11/2020 15:56:23.517718,5009626.7,387.74
25/11/2020 15:56:24.549407,5009626.7,387.74
25/11/2020 15:56:25.581036,5009626.7,387.74
25/11/2020 15:56:26.612430,5009626.6,387.74
25/11/2020 15:56:27.644618,5009626.6,387.74
25/11/2020 15:56:28.675810,5009626.7,387.74
25/11/2020 15:56:29.709484,5009626.7,387.75
25/11/2020 15:56:30.741528,5009626.7,387.75
25/11/2020 15:56:31.772689,5009626.7,387.75
25/11/2020 15:56:32.803970,5009626.7,387.75
25/11/2020 15:56:33.836548,5009626.7,387.75
25/11/2020 15:56:34.869201,5009626.6,387.75
25/11/2020 15:56:35.900591,5009626.6,387.76
25/11/2020 15:56:36.932051,5009626.6,387.76
25/11/2020 15:56:37.964433,5009626.6,387.76
25/11/2020 15:56:38.996499,5009626.6,387.75
25/11/2020 15:56:40.29354,5009626.6,387.76
25/11/2020 15:56:41.61663,5009626.6,387.77
25/11/2020 15:56:42.93945,5009626.6,387.77
25/11/2020 15:56:43.125947,5009626.6,387.77
25/11/2020 15:56:44.158531,5009626.6,387.77
25/11/2020 15:56:45.190274,5009626.5,387.77
25/11/2020 15:56:46.222145,5009626.5,387.77
25/11/2020 15:56:47.253326,5009626.5,387.77
25/11/2020 15:56:48.284455,5009626.5,387.77
25/11/2020 15:56:49.316772,5009626.5,387.78
25/11/2020 15:56:50.347891,5009626.4,387.78
25/11/2020 15:56:51.379821,5009626.4,387.78
25/11/2020 15:56:52.411779,5009626.5,387.78
25/11/2020 15:56:53.444151,5009626.5,387.78
25/11/2020 15:56:54.475537,5009626.4,387.78
25/11/2020 15:56:55.511620,5009626.5,387.78
25/11/2020 15:56:56.542944,5009626.5,387.78
25/11/2020 15:56:57.574622,5009626.4,387.78
25/11/2020 15:56:58.606882,5009626.5,387.81
25/11/2020 15:56:59.638044,5009626.6,387.83
25/11/2020 15:57:0.671653,5009626.4,387.84
25/11/2020 15:57:1.702961,5009626.4,387.84
25/11/2020 15:57:2.734048,5009626.4,387.84
25/11/2020 15:57:3.765864,5009626.4,387.85
25/11/2020 15:57:4.797588,5009626.4,387.85
25/11/2020 15:57:5.829618,5009626.4,387.85
25/11/2020 15:57:6.861154,5009626.4,387.85
25/11/2020 15:57:7.893616,5009626.4,387.86
25/11/2020 15:57:8.924898,5009626.4,387.86
25/11/2020 15:57:9.956132,5009626.4,387.86
25/11/2020 15:57:10.988291,5009626.4,387.87
25/11/2020 15:57:12.20390,5009626.4,387.87
25/11/2020 15:57:13.52268,5009626.4,387.87
25/11/2020 15:57:14.84825,5009626.3,387.87
25/11/2020 15:57:15.117323,5009626.4,387.87
25/11/2020 15:57:16.149112,5009626.4,387.87
25/11/2020 15:57:17.181281,5009626.3,387.87
25/11/2020 15:57:18.213428,5009626.4,387.88
25/11/2020 15:57:19.244593,5009626.3,387.88
25/11/2020 15:57:20.276990,5009626.3,387.89
25/11/2020 15:57:21.308903,5009626.3,387.89
25/11/2020 15:57:22.341281,5009626.3,387.89
25/11/2020 15:57:23.373561,5009626.3,387.9
25/11/2020 15:57:24.404812,5009626.3,387.9
25/11/2020 15:57:25.438128,5009626.3,387.9
25/11/2020 15:57:26.471309,5009626.2,387.9
25/11/2020 15:57:27.503509,5009626.2,387.91
25/11/2020 15:57:28.536075,5009626.3,387.91
25/11/2020 15:57:29.570083,5009626.2,387.91
25/11/2020 15:57:30.603966,5009626.2,387.92
25/11/2020 15:57:31.636496,5009626.2,387.92
25/11/2020 15:57:32.669169,5009626.1,387.92
25/11/2020 15:57:33.701975,5009626.1,387.93
25/11/2020 15:57:34.733169,5009626.1,387.93
25/11/2020 15:57:35.765047,5009626.1,387.93
25/11/2020 15:57:36.797102,5009626.1,387.93
25/11/2020 15:57:37.828836,5009626.1,387.93
25/11/2020 15:57:38.860880,5009626.1,387.93
25/11/2020 15:57:39.894841,5009626,387.93
25/11/2020 15:57:40.928278,5009626,387.94
25/11/2020 15:57:41.960018,5009626,387.94
25/11/2020 15:57:42.992267,5009626,387.94
25/11/2020 15:57:44.24439,5009626,387.95
25/11/2020 15:57:45.55422,5009626,387.95
25/11/2020 15:57:46.86906,5009626,387.95
25/11/2020 15:57:47.119678,5009626,387.96
25/11/2020 15:57:48.152760,5009625.9,387.97
25/11/2020 15:57:49.184938,5009625.9,387.97
25/11/2020 15:57:50.216011,5009625.9,387.97
25/11/2020 15:57:51.248213,5009625.9,387.97
25/11/2020 15:57:52.280127,5009625.9,387.97
25/11/2020 15:57:53.312141,5009625.9,387.97
25/11/2020 15:57:54.343818,5009625.9,387.97
25/11/2020 15:57:55.375746,5009625.9,387.98
25/11/2020 15:57:56.406969,5009625.8,387.98
25/11/2020 15:57:57.438200,5009625.8,387.98
25/11/2020 15:57:58.469346,5009625.8,387.98
25/11/2020 15:57:59.500885,5009625.8,387.99
25/11/2020 15:58:0.532429,5009625.8,387.99
25/11/2020 15:58:1.563959,5009625.8,387.99
25/11/2020 15:58:2.594804,5009625.8,387.99
25/11/2020 15:58:3.627627,5009625.8,387.99
25/11/2020 15:58:4.658898,5009625.7,388
25/11/2020 15:58:5.690134,5009625.7,388
25/11/2020 15:58:6.722823,5009625.8,388
25/11/2020 15:58:7.754115,5009625.7,388.01
25/11/2020 15:58:8.785367,5009625.7,388.01
25/11/2020 15:58:9.817700,5009625.7,388.01
25/11/2020 15:58:10.850040,5009625.6,388.02
25/11/2020 15:58:11.882236,5009625.7,388.02
25/11/2020 15:58:12.914039,5009625.6,388.02
25/11/2020 15:58:13.948299,5009625.6,388.02
25/11/2020 15:58:14.979498,5009625.6,388.02
25/11/2020 15:58:16.10782,5009625.6,388.03
25/11/2020 15:58:17.43310,5009625.5,388.03
25/11/2020 15:58:18.77867,5009625.6,388.03
25/11/2020 15:58:19.109697,5009625.6,388.04
25/11/2020 15:58:20.141916,5009625.6,388.04
25/11/2020 15:58:21.173322,5009625.5,388.05
25/11/2020 15:58:22.205529,5009625.5,388.05
25/11/2020 15:58:23.237490,5009625.4,388.05
25/11/2020 15:58:24.269712,5009625.4,388.05
25/11/2020 15:58:25.301221,5009625.4,388.06
25/11/2020 15:58:26.332485,5009625.4,388.06
25/11/2020 15:58:27.365069,5009625.4,388.06
25/11/2020 15:58:28.396537,5009625.3,388.07
25/11/2020 15:58:29.427933,5009625.3,388.07
25/11/2020 15:58:30.459592,5009625.3,388.07
25/11/2020 15:58:31.490845,5009625.4,388.08
25/11/2020 15:58:32.523528,5009625.3,388.08
25/11/2020 15:58:33.555734,5009625.3,388.08
25/11/2020 15:58:34.592220,5009625.3,388.08
25/11/2020 15:58:35.624163,5009625.2,388.09
25/11/2020 15:58:36.655662,5009625.3,388.09
25/11/2020 15:58:37.687049,5009625.2,388.09
25/11/2020 15:58:38.718880,5009625.2,388.1
25/11/2020 15:58:39.751461,5009625.2,388.1
25/11/2020 15:58:40.783271,5009625.1,388.1
25/11/2020 15:58:41.817306,5009625.1,388.11
25/11/2020 15:58:42.849696,5009625.1,388.11
25/11/2020 15:58:43.881281,5009625.1,388.11
25/11/2020 15:58:44.912976,5009625.1,388.11
25/11/2020 15:58:45.943896,5009625,388.11
25/11/2020 15:58:46.975381,5009625.1,388.12
25/11/2020 15:58:48.7919,5009625,388.12
25/11/2020 15:58:49.39375,5009625,388.12
25/11/2020 15:58:50.71848,5009625,388.13
25/11/2020 15:58:51.103815,5009625,388.13
25/11/2020 15:58:52.136199,5009624.9,388.14
25/11/2020 15:58:53.167651,5009625,388.14
25/11/2020 15:58:54.199711,5009624.9,388.15
25/11/2020 15:58:55.232084,5009624.9,388.15
25/11/2020 15:58:56.263239,5009624.9,388.15
25/11/2020 15:58:57.295468,5009624.9,388.16
25/11/2020 15:58:58.327846,5009624.9,388.16
25/11/2020 15:58:59.359951,5009624.8,388.16
25/11/2020 15:59:0.392037,5009624.8,388.17
25/11/2020 15:59:1.424173,5009624.8,388.17
25/11/2020 15:59:2.456257,5009624.7,388.18
25/11/2020 15:59:3.488259,5009624.8,388.18
25/11/2020 15:59:4.519979,5009624.8,388.18
25/11/2020 15:59:5.554687,5009624.7,388.19
25/11/2020 15:59:6.586099,5009624.7,388.19
25/11/2020 15:59:7.617171,5009624.6,388.19
25/11/2020 15:59:8.649734,5009624.6,388.2
25/11/2020 15:59:9.681583,5009624.5,388.2
25/11/2020 15:59:10.713949,5009624.6,388.21
25/11/2020 15:59:11.746070,5009624.5,388.21
25/11/2020 15:59:12.778422,5009624.4,388.21
25/11/2020 15:59:13.809748,5009624.4,388.21
25/11/2020 15:59:14.841389,5009624.5,388.22
25/11/2020 15:59:15.873483,5009624.4,388.22
25/11/2020 15:59:16.904646,5009624.4,388.23
25/11/2020 15:59:17.936930,5009624.3,388.24
25/11/2020 15:59:18.968843,5009624.4,388.24
25/11/2020 15:59:20.1679,5009624.3,388.24
25/11/2020 15:59:21.33230,5009624.4,388.25
25/11/2020 15:59:22.65912,5009624.3,388.25
25/11/2020 15:59:23.96911,5009624.3,388.25
25/11/2020 15:59:24.127998,5009624.3,388.25
25/11/2020 15:59:25.159243,5009624.3,388.26
25/11/2020 15:59:26.192852,5009624.2,388.26
25/11/2020 15:59:27.225398,5009624.1,388.27
25/11/2020 15:59:28.257962,5009624.3,388.27
25/11/2020 15:59:29.291897,5009624.1,388.27
25/11/2020 15:59:30.323618,5009624.1,388.28
25/11/2020 15:59:31.355263,5009624.1,388.28
25/11/2020 15:59:32.386515,5009624.1,388.29
25/11/2020 15:59:33.418754,5009624.1,388.29
25/11/2020 15:59:34.450951,5009624,388.3
25/11/2020 15:59:35.483044,5009624,388.3
25/11/2020 15:59:36.515124,5009624,388.3
25/11/2020 15:59:37.547273,5009624,388.31
25/11/2020 15:59:38.580069,5009624,388.31
25/11/2020 15:59:39.612123,5009624,388.31
25/11/2020 15:59:40.644311,5009623.9,388.32
25/11/2020 15:59:41.678269,5009623.9,388.32
25/11/2020 15:59:42.710334,5009623.9,388.33
25/11/2020 15:59:43.742673,5009623.9,388.33
25/11/2020 15:59:44.774896,5009623.9,388.34
25/11/2020 15:59:45.807393,5009623.8,388.34
25/11/2020 15:59:46.838782,5009623.8,388.35
25/11/2020 15:59:47.870091,5009623.8,388.35
25/11/2020 15:59:48.901572,5009623.8,388.35
25/11/2020 15:59:49.933822,5009623.8,388.36
25/11/2020 15:59:50.965951,5009623.8,388.36
25/11/2020 15:59:51.997931,5009623.7,388.37
25/11/2020 15:59:53.30016,5009623.6,388.37
25/11/2020 15:59:54.62459,5009623.7,388.37
25/11/2020 15:59:55.94269,5009623.7,388.37
25/11/2020 15:59:56.126833,5009623.7,388.38
25/11/2020 15:59:57.159154,5009623.6,388.38
25/11/2020 15:59:58.191428,5009623.5,388.38
25/11/2020 15:59:59.223370,5009623.6,388.38
25/11/2020 16:0:0.260997,5009623.6,388.39
25/11/2020 16:0:1.293244,5009623.4,388.39
25/11/2020 16:0:2.324398,5009623.6,388.4
25/11/2020 16:0:3.356213,5009623.4,388.4
25/11/2020 16:0:4.388457,5009623.4,388.41
25/11/2020 16:0:5.421138,5009623.4,388.41
25/11/2020 16:0:6.453036,5009623.4,388.41
25/11/2020 16:0:7.484370,5009623.4,388.42
25/11/2020 16:0:8.515544,5009623.4,388.42
25/11/2020 16:0:9.547312,5009623.3,388.42
25/11/2020 16:0:10.579271,5009623.4,388.42
25/11/2020 16:0:11.610921,5009623.3,388.43
25/11/2020 16:0:12.642972,5009623.4,388.43
25/11/2020 16:0:13.673843,5009623.3,388.43
25/11/2020 16:0:14.705114,5009623.4,388.43
25/11/2020 16:0:15.737721,5009623.3,388.44
25/11/2020 16:0:16.769943,5009623.2,388.44
25/11/2020 16:0:17.802375,5009623.2,388.43
25/11/2020 16:0:18.833476,5009623.2,388.43
25/11/2020 16:0:19.866982,5009623.2,388.44
25/11/2020 16:0:20.900941,5009623.3,388.44
25/11/2020 16:0:21.933458,5009623.2,388.45
25/11/2020 16:0:22.964815,5009623.1,388.46
25/11/2020 16:0:23.997237,5009623.2,388.46
25/11/2020 16:0:25.28660,5009623.1,388.46
25/11/2020 16:0:26.59659,5009623.1,388.46
25/11/2020 16:0:27.92091,5009623.2,388.47
25/11/2020 16:0:28.124459,5009623.1,388.47
25/11/2020 16:0:29.155750,5009623.1,388.47
25/11/2020 16:0:30.188038,5009623.1,388.48
25/11/2020 16:0:31.220241,5009623,388.48
25/11/2020 16:0:32.252577,5009623,388.48
25/11/2020 16:0:33.286647,5009623,388.49
25/11/2020 16:0:34.318612,5009623,388.49
25/11/2020 16:0:35.350848,5009623,388.5
25/11/2020 16:0:36.383290,5009623,388.5
25/11/2020 16:0:37.415007,5009623,388.49
25/11/2020 16:0:38.447326,5009623,388.5
25/11/2020 16:0:39.478787,5009623,388.5
25/11/2020 16:0:40.509992,5009623,388.5
25/11/2020 16:0:41.541413,5009622.9,388.5
25/11/2020 16:0:42.573959,5009623,388.5
25/11/2020 16:0:43.605318,5009622.9,388.51
25/11/2020 16:0:44.637529,5009622.9,388.52
25/11/2020 16:0:45.668633,5009622.9,388.52
25/11/2020 16:0:46.702776,5009622.9,388.52
25/11/2020 16:0:47.738458,5009622.9,388.52
25/11/2020 16:0:48.770403,5009622.9,388.52
25/11/2020 16:0:49.802516,5009622.8,388.52
25/11/2020 16:0:50.834769,5009622.8,388.52
25/11/2020 16:0:51.866429,5009622.9,388.52
25/11/2020 16:0:52.897807,5009622.8,388.53
25/11/2020 16:0:53.930363,5009622.8,388.54
25/11/2020 16:0:54.962864,5009622.8,388.54
25/11/2020 16:0:55.994385,5009622.8,388.54
25/11/2020 16:0:57.26605,5009622.8,388.54
25/11/2020 16:0:58.58181,5009622.8,388.55
25/11/2020 16:0:59.90129,5009622.7,388.55
25/11/2020 16:1:0.123050,5009622.8,388.55
25/11/2020 16:1:1.158078,5009622.8,388.56
25/11/2020 16:1:2.190731,5009622.8,388.56
25/11/2020 16:1:3.221645,5009622.8,388.56
25/11/2020 16:1:4.253924,5009622.8,388.57
25/11/2020 16:1:5.286799,5009622.8,388.57
25/11/2020 16:1:6.318889,5009622.8,388.57
25/11/2020 16:1:7.350481,5009622.7,388.58
25/11/2020 16:1:8.383530,5009622.7,388.58
25/11/2020 16:1:9.419370,5009622.6,388.58
25/11/2020 16:1:10.450332,5009622.6,388.58
25/11/2020 16:1:11.482183,5009622.7,388.59
25/11/2020 16:1:12.513552,5009622.7,388.59
25/11/2020 16:1:13.545894,5009622.7,388.59
25/11/2020 16:1:14.577128,5009622.7,388.59
25/11/2020 16:1:15.608474,5009622.7,388.6
25/11/2020 16:1:16.639682,5009622.6,388.6
25/11/2020 16:1:17.671800,5009622.7,388.6
25/11/2020 16:1:18.702645,5009622.6,388.6
25/11/2020 16:1:19.734143,5009622.6,388.6
25/11/2020 16:1:20.765550,5009622.6,388.6
25/11/2020 16:1:21.796633,5009622.6,388.6
25/11/2020 16:1:22.829958,5009622.6,388.6
25/11/2020 16:1:23.862947,5009622.6,388.6
25/11/2020 16:1:24.894803,5009622.5,388.61
25/11/2020 16:1:25.926843,5009622.5,388.61
25/11/2020 16:1:26.958129,5009622.6,388.62
25/11/2020 16:1:27.990656,5009622.5,388.62
25/11/2020 16:1:29.22410,5009622.5,388.62
25/11/2020 16:1:30.53941,5009622.6,388.63
25/11/2020 16:1:31.85907,5009622.6,388.64
25/11/2020 16:1:32.118381,5009622.5,388.64
25/11/2020 16:1:33.151032,5009622.5,388.64
25/11/2020 16:1:34.183567,5009622.5,388.64
25/11/2020 16:1:35.215659,5009622.5,388.64
25/11/2020 16:1:36.247860,5009622.4,388.64
25/11/2020 16:1:37.280444,5009622.5,388.65
25/11/2020 16:1:38.312591,5009622.5,388.65
25/11/2020 16:1:39.344545,5009622.4,388.65
25/11/2020 16:1:40.376832,5009622.5,388.66
25/11/2020 16:1:41.408130,5009622.4,388.66
25/11/2020 16:1:42.440666,5009622.4,388.66
25/11/2020 16:1:43.472891,5009622.4,388.66
25/11/2020 16:1:44.505253,5009622.4,388.66
25/11/2020 16:1:45.536314,5009622.4,388.66
25/11/2020 16:1:46.568568,5009622.4,388.66
25/11/2020 16:1:47.600134,5009622.4,388.67
25/11/2020 16:1:48.633035,5009622.4,388.67
25/11/2020 16:1:49.665219,5009622.4,388.68
25/11/2020 16:1:50.696503,5009622.3,388.68
25/11/2020 16:1:51.727905,5009622.3,388.67
25/11/2020 16:1:52.760009,5009622.4,388.68
25/11/2020 16:1:53.792327,5009622.4,388.68
25/11/2020 16:1:54.823859,5009622.4,388.68
25/11/2020 16:1:55.856803,5009622.4,388.68
25/11/2020 16:1:56.888140,5009622.3,388.68
25/11/2020 16:1:57.920292,5009622.3,388.68
25/11/2020 16:1:58.952684,5009622.4,388.69
25/11/2020 16:1:59.984889,5009622.3,388.69
25/11/2020 16:2:1.16265,5009622.3,388.69
25/11/2020 16:2:2.47597,5009622.3,388.7
25/11/2020 16:2:3.79992,5009622.3,388.7
25/11/2020 16:2:4.111517,5009622.3,388.7
25/11/2020 16:2:5.143622,5009622.3,388.7
25/11/2020 16:2:6.175546,5009622.3,388.7
25/11/2020 16:2:7.207796,5009622.3,388.7
25/11/2020 16:2:8.240049,5009622.4,388.7
25/11/2020 16:2:9.275300,5009622.3,388.7
25/11/2020 16:2:10.307202,5009622.3,388.7
25/11/2020 16:2:11.338713,5009622.4,388.71
25/11/2020 16:2:12.370923,5009622.3,388.71
25/11/2020 16:2:13.402949,5009622.3,388.71
25/11/2020 16:2:14.435020,5009622.3,388.72
25/11/2020 16:2:15.466409,5009622.3,388.72
25/11/2020 16:2:16.498361,5009622.3,388.72
25/11/2020 16:2:17.530550,5009622.3,388.72
25/11/2020 16:2:18.562392,5009622.2,388.72
25/11/2020 16:2:19.593615,5009622.3,388.72
25/11/2020 16:2:20.625842,5009622.3,388.72
25/11/2020 16:2:21.657411,5009622.3,388.73
25/11/2020 16:2:22.688752,5009622.3,388.73
25/11/2020 16:2:23.720997,5009622.3,388.74
25/11/2020 16:2:24.753320,5009622.3,388.73
25/11/2020 16:2:25.785649,5009622.3,388.74
25/11/2020 16:2:26.817451,5009622.3,388.74
25/11/2020 16:2:27.849838,5009622.3,388.74
25/11/2020 16:2:28.880978,5009622.3,388.75
25/11/2020 16:2:29.913517,5009622.3,388.74
25/11/2020 16:2:30.944729,5009622.3,388.75
25/11/2020 16:2:31.976832,5009622.3,388.75
25/11/2020 16:2:33.8272,5009622.3,388.75
25/11/2020 16:2:34.40620,5009622.3,388.75
25/11/2020 16:2:35.73043,5009622.3,388.75
25/11/2020 16:2:36.105423,5009622.3,388.75
25/11/2020 16:2:37.137681,5009622.3,388.75
25/11/2020 16:2:38.169193,5009622.2,388.76
25/11/2020 16:2:39.99015,5009622.3,388.76
25/11/2020 16:2:40.129894,5009622.3,388.76
25/11/2020 16:2:41.161138,5009622.3,388.76
25/11/2020 16:2:42.193597,5009622.2,388.77
25/11/2020 16:2:43.226397,5009622.3,388.77
25/11/2020 16:2:44.258313,5009622.3,388.76
25/11/2020 16:2:45.289552,5009622.3,388.76
25/11/2020 16:2:46.321485,5009622.3,388.77
25/11/2020 16:2:47.353696,5009622.3,388.77
25/11/2020 16:2:48.387028,5009622.3,388.77
25/11/2020 16:2:49.420012,5009622.3,388.77
25/11/2020 16:2:50.452359,5009622.2,388.78
25/11/2020 16:2:51.483753,5009622.3,388.78
25/11/2020 16:2:52.515845,5009622.3,388.78
25/11/2020 16:2:53.548118,5009622.3,388.79
25/11/2020 16:2:54.580375,5009622.3,388.78
25/11/2020 16:2:55.612556,5009622.3,388.79
25/11/2020 16:2:56.645036,5009622.3,388.78
25/11/2020 16:2:57.676925,5009622.2,388.79
25/11/2020 16:2:58.708905,5009622.3,388.79
25/11/2020 16:2:59.740801,5009622.3,388.79
25/11/2020 16:3:0.772277,5009622.3,388.79
25/11/2020 16:3:1.804428,5009622.3,388.79
25/11/2020 16:3:2.835478,5009622.3,388.79
25/11/2020 16:3:3.868300,5009622.3,388.8
25/11/2020 16:3:4.900852,5009622.3,388.8
25/11/2020 16:3:5.933167,5009622.3,388.8
25/11/2020 16:3:6.965645,5009622.3,388.8
25/11/2020 16:3:7.997977,5009622.3,388.8
25/11/2020 16:3:9.29407,5009622.3,388.8
25/11/2020 16:3:10.62833,5009622.3,388.8
25/11/2020 16:3:11.96024,5009622.3,388.8
25/11/2020 16:3:12.127274,5009622.2,388.8
25/11/2020 16:3:13.159069,5009622.3,388.81
25/11/2020 16:3:14.190143,5009622.2,388.81
25/11/2020 16:3:15.222169,5009622.2,388.81
25/11/2020 16:3:16.253270,5009622.3,388.81
25/11/2020 16:3:17.285450,5009622.3,388.82
25/11/2020 16:3:18.318040,5009622.3,388.81
25/11/2020 16:3:19.350188,5009622.3,388.82
25/11/2020 16:3:20.381251,5009622.3,388.81
25/11/2020 16:3:21.412829,5009622.3,388.82
25/11/2020 16:3:22.444995,5009622.3,388.82
25/11/2020 16:3:23.477118,5009622.3,388.82
25/11/2020 16:3:24.509422,5009622.3,388.82
25/11/2020 16:3:25.541465,5009622.3,388.82
25/11/2020 16:3:26.573560,5009622.2,388.82
25/11/2020 16:3:27.604784,5009622.3,388.82
25/11/2020 16:3:28.636819,5009622.3,388.82
25/11/2020 16:3:29.668147,5009622.4,388.83
25/11/2020 16:3:30.699780,5009622.3,388.83
25/11/2020 16:3:31.731080,5009622.3,388.83
25/11/2020 16:3:32.763517,5009622.3,388.83
25/11/2020 16:3:33.794799,5009622.3,388.83
25/11/2020 16:3:34.826943,5009622.3,388.83
25/11/2020 16:3:35.858545,5009622.3,388.83
25/11/2020 16:3:36.889805,5009622.3,388.83
25/11/2020 16:3:37.921495,5009622.3,388.84
25/11/2020 16:3:38.955051,5009622.3,388.84
25/11/2020 16:3:39.986797,5009622.3,388.84
25/11/2020 16:3:41.18062,5009622.3,388.84
25/11/2020 16:3:42.50323,5009622.3,388.83
25/11/2020 16:3:43.81465,5009622.3,388.84
25/11/2020 16:3:44.113338,5009622.3,388.84
25/11/2020 16:3:45.144777,5009622.3,388.84
25/11/2020 16:3:46.176135,5009622.3,388.84
25/11/2020 16:3:47.208016,5009622.3,388.84
25/11/2020 16:3:48.239714,5009622.3,388.84
25/11/2020 16:3:49.272148,5009622.3,388.84
25/11/2020 16:3:50.303505,5009622.3,388.85
25/11/2020 16:3:51.336957,5009622.3,388.85
25/11/2020 16:3:52.368717,5009622.3,388.85
25/11/2020 16:3:53.401615,5009622.3,388.84
25/11/2020 16:3:54.435236,5009622.3,388.85
25/11/2020 16:3:55.467048,5009622.3,388.85
25/11/2020 16:3:56.499083,5009622.3,388.85
25/11/2020 16:3:57.529861,5009622.3,388.85
25/11/2020 16:3:58.561316,5009622.3,388.85
25/11/2020 16:3:59.593007,5009622.3,388.85
25/11/2020 16:4:0.625036,5009622.3,388.85
25/11/2020 16:4:1.657867,5009622.4,388.85
25/11/2020 16:4:2.688678,5009622.3,388.85
25/11/2020 16:4:3.720152,5009622.4,388.85
25/11/2020 16:4:4.751456,5009622.3,388.85
25/11/2020 16:4:5.782921,5009622.3,388.85
25/11/2020 16:4:6.814193,5009622.3,388.85
25/11/2020 16:4:7.846688,5009622.3,388.85
25/11/2020 16:4:8.878657,5009622.4,388.85
25/11/2020 16:4:9.910295,5009622.3,388.85
25/11/2020 16:4:10.941887,5009622.3,388.85
25/11/2020 16:4:11.974409,5009622.4,388.85
25/11/2020 16:4:13.6603,5009622.3,388.86
25/11/2020 16:4:14.40967,5009622.4,388.86
25/11/2020 16:4:15.72469,5009622.3,388.86
25/11/2020 16:4:16.106536,5009622.4,388.85
25/11/2020 16:4:17.138377,5009622.4,388.85
25/11/2020 16:4:18.170958,5009622.3,388.86
25/11/2020 16:4:19.202220,5009622.3,388.85
25/11/2020 16:4:20.234383,5009622.4,388.85
25/11/2020 16:4:21.265877,5009622.4,388.85
25/11/2020 16:4:22.298673,5009622.3,388.86
25/11/2020 16:4:23.330913,5009622.4,388.86
25/11/2020 16:4:24.361919,5009622.4,388.85
25/11/2020 16:4:25.393517,5009622.4,388.85
25/11/2020 16:4:26.426084,5009622.4,388.86
25/11/2020 16:4:27.458479,5009622.4,388.86
25/11/2020 16:4:28.489983,5009622.4,388.86
25/11/2020 16:4:29.522033,5009622.4,388.86
25/11/2020 16:4:30.553354,5009622.4,388.86
25/11/2020 16:4:31.585226,5009622.4,388.86
25/11/2020 16:4:32.617709,5009622.4,388.87
25/11/2020 16:4:33.648632,5009622.4,388.86
25/11/2020 16:4:34.681484,5009622.4,388.86
25/11/2020 16:4:35.713050,5009622.4,388.86
25/11/2020 16:4:36.744363,5009622.4,388.86
25/11/2020 16:4:37.777693,5009622.4,388.86
25/11/2020 16:4:38.808855,5009622.4,388.86
25/11/2020 16:4:39.844224,5009622.4,388.87
25/11/2020 16:4:40.875920,5009622.4,388.86
25/11/2020 16:4:41.907546,5009622.4,388.87
25/11/2020 16:4:42.939458,5009622.4,388.87
25/11/2020 16:4:43.970709,5009622.4,388.87
25/11/2020 16:4:45.2937,5009622.4,388.87
25/11/2020 16:4:46.34382,5009622.4,388.87
25/11/2020 16:4:47.65250,5009622.4,388.87
25/11/2020 16:4:48.97213,5009622.4,388.88
25/11/2020 16:4:49.128322,5009622.4,388.88
25/11/2020 16:4:50.159788,5009622.4,388.87
25/11/2020 16:4:51.192017,5009622.5,388.88
25/11/2020 16:4:52.222875,5009622.4,388.88
25/11/2020 16:4:53.254139,5009622.5,388.88
25/11/2020 16:4:54.286054,5009622.4,388.88
25/11/2020 16:4:55.317230,5009622.5,388.87
25/11/2020 16:4:56.349172,5009622.4,388.88
25/11/2020 16:4:57.380467,5009622.4,388.88
25/11/2020 16:4:58.412773,5009622.4,388.88
25/11/2020 16:4:59.443756,5009622.4,388.88
25/11/2020 16:5:0.474956,5009622.4,388.87
25/11/2020 16:5:1.507284,5009622.4,388.88
25/11/2020 16:5:2.539492,5009622.4,388.87
25/11/2020 16:5:3.571572,5009622.5,388.88
25/11/2020 16:5:4.602641,5009622.4,388.88
25/11/2020 16:5:5.634766,5009622.4,388.88
25/11/2020 16:5:6.666858,5009622.4,388.88
25/11/2020 16:5:7.699095,5009622.4,388.88
25/11/2020 16:5:8.730554,5009622.5,388.88
25/11/2020 16:5:9.762597,5009622.4,388.88
25/11/2020 16:5:10.797849,5009622.4,388.88
25/11/2020 16:5:11.831351,5009622.4,388.88
25/11/2020 16:5:12.863099,5009622.4,388.88
25/11/2020 16:5:13.894377,5009622.4,388.88
25/11/2020 16:5:14.926270,5009622.4,388.88
25/11/2020 16:5:15.957685,5009622.4,388.89
25/11/2020 16:5:16.989511,5009622.4,388.88
25/11/2020 16:5:18.21602,5009622.4,388.88
25/11/2020 16:5:19.53710,5009622.4,388.89
25/11/2020 16:5:20.86101,5009622.4,388.89
25/11/2020 16:5:21.118270,5009622.4,388.89
25/11/2020 16:5:22.149954,5009622.4,388.89
25/11/2020 16:5:23.181969,5009622.4,388.89
25/11/2020 16:5:24.213269,5009622.4,388.89
25/11/2020 16:5:25.244228,5009622.4,388.89
25/11/2020 16:5:26.276590,5009622.4,388.89
25/11/2020 16:5:27.308937,5009622.4,388.9
25/11/2020 16:5:28.340249,5009622.3,388.9
25/11/2020 16:5:29.372556,5009622.4,388.9
25/11/2020 16:5:30.404822,5009622.3,388.9
25/11/2020 16:5:31.435940,5009622.4,388.9
25/11/2020 16:5:32.471824,5009622.4,388.91
25/11/2020 16:5:33.504132,5009622.4,388.91
25/11/2020 16:5:34.535819,5009622.3,388.91
25/11/2020 16:5:35.567846,5009622.4,388.91
25/11/2020 16:5:36.600020,5009622.4,388.91
25/11/2020 16:5:37.631797,5009622.3,388.91
25/11/2020 16:5:38.663895,5009622.4,388.92
25/11/2020 16:5:39.696170,5009622.4,388.92
25/11/2020 16:5:40.728418,5009622.3,388.92
25/11/2020 16:5:41.760844,5009622.4,388.92
25/11/2020 16:5:42.792903,5009622.3,388.92
25/11/2020 16:5:43.824542,5009622.4,388.92
25/11/2020 16:5:44.855977,5009622.3,388.92
25/11/2020 16:5:45.887239,5009622.3,388.92
25/11/2020 16:5:46.918840,5009622.3,388.91
25/11/2020 16:5:47.951148,5009622.3,388.91
25/11/2020 16:5:48.983390,5009622.3,388.9
25/11/2020 16:5:50.15491,5009622.2,388.9
25/11/2020 16:5:51.46878,5009622.2,388.89
25/11/2020 16:5:52.79218,5009622.1,388.9
25/11/2020 16:5:53.110645,5009622,388.9
25/11/2020 16:5:54.142978,5009622,388.9
25/11/2020 16:5:55.176906,5009622,388.91
25/11/2020 16:5:56.209857,5009622,388.92
25/11/2020 16:5:57.242486,5009621.9,388.94
25/11/2020 16:5:58.273997,5009622,388.97
25/11/2020 16:5:59.305046,5009622,389
25/11/2020 16:6:0.336865,5009622,389.01
25/11/2020 16:6:1.369644,5009622.1,389.01
25/11/2020 16:6:2.401686,5009622.1,389.02
25/11/2020 16:6:3.434177,5009622.1,389.03
25/11/2020 16:6:4.466055,5009622,389.05
25/11/2020 16:6:5.496769,5009622,389.05
25/11/2020 16:6:6.528521,5009622,389.06
25/11/2020 16:6:7.561044,5009622,389.08
25/11/2020 16:6:8.592297,5009621.9,389.09
25/11/2020 16:6:9.624709,5009621.9,389.11
25/11/2020 16:6:10.657103,5009621.9,389.12
25/11/2020 16:6:11.691599,5009621.8,389.13
25/11/2020 16:6:12.728708,5009621.8,389.14
25/11/2020 16:6:13.763022,5009621.8,389.15
25/11/2020 16:6:14.795165,5009621.8,389.16
25/11/2020 16:6:15.826103,5009621.8,389.17
25/11/2020 16:6:16.858644,5009621.8,389.17
25/11/2020 16:6:17.890222,5009621.7,389.18
25/11/2020 16:6:18.921299,5009621.8,389.17
25/11/2020 16:6:19.953780,5009621.7,389.18
25/11/2020 16:6:20.985427,5009621.7,389.18
25/11/2020 16:6:22.18187,5009621.5,389.19
25/11/2020 16:6:23.50530,5009621.5,389.19
25/11/2020 16:6:24.82427,5009621.6,389.19
25/11/2020 16:6:25.115443,5009621.6,389.2
25/11/2020 16:6:26.147663,5009621.4,389.2
25/11/2020 16:6:27.179086,5009621.4,389.2
25/11/2020 16:6:28.211585,5009621.4,389.21
25/11/2020 16:6:29.242490,5009621.3,389.21
25/11/2020 16:6:30.274798,5009621.3,389.21
25/11/2020 16:6:31.307156,5009621.3,389.21
25/11/2020 16:6:32.338541,5009621.2,389.21
25/11/2020 16:6:33.370304,5009621.1,389.22
25/11/2020 16:6:34.401896,5009621.2,389.22
25/11/2020 16:6:35.433963,5009621.1,389.23
25/11/2020 16:6:36.465026,5009621.1,389.23
25/11/2020 16:6:37.495896,5009621,389.23
25/11/2020 16:6:38.527084,5009621,389.23
25/11/2020 16:6:39.559944,5009620.9,389.23
25/11/2020 16:6:40.591293,5009620.9,389.24
25/11/2020 16:6:41.623650,5009620.9,389.24
25/11/2020 16:6:42.655863,5009620.8,389.24
25/11/2020 16:6:43.688435,5009620.8,389.24
25/11/2020 16:6:44.719867,5009620.8,389.24
25/11/2020 16:6:45.755279,5009620.8,389.23
25/11/2020 16:6:46.786192,5009620.8,389.24
25/11/2020 16:6:47.817284,5009620.7,389.24
25/11/2020 16:6:48.849530,5009620.7,389.23
25/11/2020 16:6:49.881436,5009620.6,389.23
25/11/2020 16:6:50.913005,5009620.6,389.23
25/11/2020 16:6:51.945068,5009620.6,389.23
25/11/2020 16:6:52.977206,5009620.5,389.24
25/11/2020 16:6:54.9321,5009620.4,389.24
25/11/2020 16:6:55.41359,5009620.5,389.24
25/11/2020 16:6:56.73484,5009620.4,389.24
25/11/2020 16:6:57.109678,5009620.4,389.25
25/11/2020 16:6:58.141093,5009620.3,389.25
25/11/2020 16:6:59.172470,5009620.4,389.25
25/11/2020 16:7:0.204500,5009620.3,389.26
25/11/2020 16:7:1.236850,5009620.3,389.26
25/11/2020 16:7:2.269562,5009620.3,389.26
25/11/2020 16:7:3.301533,5009620.2,389.26
25/11/2020 16:7:4.333322,5009620.3,389.26
25/11/2020 16:7:5.365021,5009620.3,389.26
25/11/2020 16:7:6.397116,5009620.2,389.26
25/11/2020 16:7:7.428746,5009620.2,389.27
25/11/2020 16:7:8.460131,5009620.3,389.27
25/11/2020 16:7:9.491474,5009620.2,389.28
25/11/2020 16:7:10.523987,5009620.1,389.28
25/11/2020 16:7:11.555952,5009620.2,389.29
25/11/2020 16:7:12.590813,5009620.3,389.29
25/11/2020 16:7:13.624472,5009620.2,389.29
25/11/2020 16:7:14.656175,5009620.1,389.29
25/11/2020 16:7:15.687277,5009620.2,389.3
25/11/2020 16:7:16.719712,5009620.1,389.31
25/11/2020 16:7:17.751232,5009620.1,389.31
25/11/2020 16:7:18.783190,5009620.1,389.32
25/11/2020 16:7:19.814934,5009620.1,389.32
25/11/2020 16:7:20.852192,5009620.1,389.32
25/11/2020 16:7:21.884790,5009620,389.32
25/11/2020 16:7:22.916995,5009620.1,389.32
25/11/2020 16:7:23.953668,5009620,389.33
25/11/2020 16:7:24.984832,5009620.1,389.33
25/11/2020 16:7:26.16767,5009620.1,389.33
25/11/2020 16:7:27.49280,5009620.2,389.33
25/11/2020 16:7:28.80924,5009620.3,389.34
25/11/2020 16:7:29.113999,5009620.3,389.33
25/11/2020 16:7:30.146274,5009619.5,389.1
25/11/2020 16:7:31.177349,5009619.2,388.84
25/11/2020 16:7:32.209969,5009619,389.05
25/11/2020 16:7:33.241261,5009618.9,389.21
25/11/2020 16:7:34.272822,5009618.8,389.31
25/11/2020 16:7:35.304061,5009618.7,389.4
25/11/2020 16:7:36.335641,5009617.9,389.11
25/11/2020 16:7:37.369216,5009615.1,390.07
25/11/2020 16:7:38.401684,5009607.3,392.43
25/11/2020 16:7:39.433612,5009605.2,393.89
25/11/2020 16:7:40.465930,5009603,395.69
25/11/2020 16:7:41.497522,5009603.4,396.49
25/11/2020 16:7:42.531016,5009603.6,396.63
25/11/2020 16:7:43.562646,5009604,397.27
25/11/2020 16:7:44.593742,5009604.6,398.43
25/11/2020 16:7:45.625095,5009604.8,399.17
25/11/2020 16:7:46.657288,5009605.4,399.97
25/11/2020 16:7:47.690745,5009606.3,400.45
25/11/2020 16:7:48.723853,5009607.3,400.84
25/11/2020 16:7:49.760010,5009607.8,401.17
25/11/2020 16:7:50.791073,5009608,401.17
25/11/2020 16:7:51.824718,5009608.3,401.36
25/11/2020 16:7:52.857846,5009607.4,401.67
25/11/2020 16:7:53.889198,5009605,401.77
25/11/2020 16:7:54.921169,5009605.1,401.27
25/11/2020 16:7:55.953170,5009605.4,401.22
25/11/2020 16:7:56.985083,5009606,401.43
25/11/2020 16:7:58.16336,5009607.2,401.27
25/11/2020 16:7:59.47783,5009604.9,401.23
25/11/2020 16:8:0.79554,5009605,401.01
25/11/2020 16:8:1.112043,5009605,400.76
25/11/2020 16:8:2.143901,5009604.9,400.8
25/11/2020 16:8:3.175691,5009605.1,400.85
25/11/2020 16:8:4.208126,5009606.2,401.11
25/11/2020 16:8:5.240089,5009607,401.05
25/11/2020 16:8:6.271600,5009607.3,401.08
25/11/2020 16:8:7.303113,5009607.4,401.12
25/11/2020 16:8:8.334561,5009607.6,401.16
25/11/2020 16:8:9.365753,5009607.8,401.19
25/11/2020 16:8:10.398761,5009608,401.22
25/11/2020 16:8:11.431095,5009608,401.26
25/11/2020 16:8:12.462534,5009608.3,401.29
25/11/2020 16:8:13.494517,5009608.4,401.31
25/11/2020 16:8:14.527080,5009608.4,401.35
25/11/2020 16:8:15.557899,5009608.6,401.36
25/11/2020 16:8:16.590092,5009608.8,401.36
25/11/2020 16:8:17.621987,5009608.1,401.35
25/11/2020 16:8:18.655752,5009608.6,401.42
25/11/2020 16:8:19.688136,5009608.2,401.34
25/11/2020 16:8:20.720072,5009607.4,401.42
25/11/2020 16:8:21.755792,5009607.4,401.61
25/11/2020 16:8:22.788478,5009608.3,401.93
25/11/2020 16:8:23.821255,5009609.1,403.26
25/11/2020 16:8:24.854840,5009607.9,402.25
25/11/2020 16:8:25.886744,5009607.8,401.62
25/11/2020 16:8:26.918206,5009607.8,401.64
25/11/2020 16:8:27.949247,5009607.8,401.6
25/11/2020 16:8:28.980697,5009607.8,401.58
25/11/2020 16:8:30.12912,5009608,401.61
25/11/2020 16:8:31.45033,5009608.1,401.62
25/11/2020 16:8:32.78220,5009608.2,401.65
25/11/2020 16:8:33.109848,5009608.1,401.66
25/11/2020 16:8:34.142516,5009608.2,401.68
25/11/2020 16:8:35.175188,5009608.3,401.69
25/11/2020 16:8:36.206301,5009608.4,401.7
25/11/2020 16:8:37.238414,5009608.4,401.71
25/11/2020 16:8:38.273912,5009608.5,401.73
25/11/2020 16:8:39.306177,5009608.6,401.73
25/11/2020 16:8:40.337826,5009608.6,401.74
25/11/2020 16:8:41.369927,5009608.7,401.75
25/11/2020 16:8:42.404519,5009608.8,401.75
25/11/2020 16:8:43.437278,5009608.9,401.75
25/11/2020 16:8:44.468181,5009608.9,401.76
25/11/2020 16:8:45.500652,5009609,401.78
25/11/2020 16:8:46.531942,5009609,401.8
25/11/2020 16:8:47.564675,5009609.1,401.81
25/11/2020 16:8:48.596551,5009609.2,401.81
25/11/2020 16:8:49.628590,5009609.3,401.83
25/11/2020 16:8:50.660767,5009609.3,401.83
25/11/2020 16:8:51.691823,5009609.4,401.86
25/11/2020 16:8:52.723753,5009609.4,401.86
25/11/2020 16:8:53.755279,5009609.5,401.86
25/11/2020 16:8:54.788125,5009609.6,401.86
25/11/2020 16:8:55.819742,5009609.6,401.88
25/11/2020 16:8:56.852512,5009609.6,401.89
25/11/2020 16:8:57.883981,5009609.8,401.9
25/11/2020 16:8:58.915638,5009609.8,401.91
25/11/2020 16:8:59.947862,5009609.9,401.92
25/11/2020 16:9:0.979154,5009609.9,401.93
25/11/2020 16:9:2.10957,5009610,401.94
25/11/2020 16:9:3.47902,5009610,401.95
25/11/2020 16:9:4.82237,5009610,401.95
25/11/2020 16:9:5.116779,5009610.1,401.95
25/11/2020 16:9:6.150331,5009610.1,401.96
25/11/2020 16:9:7.182710,5009610.2,401.97
25/11/2020 16:9:8.215542,5009610.3,401.98
25/11/2020 16:9:9.253437,5009610.3,401.98
25/11/2020 16:9:10.288802,5009610.4,401.98
25/11/2020 16:9:11.323258,5009610.4,402
25/11/2020 16:9:12.355751,5009610.5,402
25/11/2020 16:9:13.387651,5009610.5,402
25/11/2020 16:9:14.418829,5009610.6,402.01
25/11/2020 16:9:15.449773,5009610.8,402.02
25/11/2020 16:9:16.481219,5009610.8,402.03
25/11/2020 16:9:17.513591,5009610.8,402.04
25/11/2020 16:9:18.545011,5009610.9,402.05
25/11/2020 16:9:19.576876,5009610.9,402.05
25/11/2020 16:9:20.609051,5009611,402.05
25/11/2020 16:9:21.640009,5009611,402.05
25/11/2020 16:9:22.670845,5009611,402.07
25/11/2020 16:9:23.702477,5009611,402.11
25/11/2020 16:9:24.733666,5009611,402.08
25/11/2020 16:9:25.765856,5009611.1,402.08
25/11/2020 16:9:26.804819,5009611.1,402.09
25/11/2020 16:9:27.836907,5009611.2,402.15
25/11/2020 16:9:28.868479,5009611.1,402.29
25/11/2020 16:9:29.899932,5009611.2,402.11
25/11/2020 16:9:30.931795,5009611.4,402.1
25/11/2020 16:9:31.962920,5009611.4,402.11
25/11/2020 16:9:32.995278,5009611.4,402.12
25/11/2020 16:9:34.27373,5009611.4,402.12
25/11/2020 16:9:35.59169,5009611.4,402.12
25/11/2020 16:9:36.91122,5009611.4,402.12
25/11/2020 16:9:37.122986,5009611.4,402.13
25/11/2020 16:9:38.154268,5009611.5,402.13
25/11/2020 16:9:39.186219,5009611.5,402.14
25/11/2020 16:9:40.218055,5009611.6,402.14
25/11/2020 16:9:41.252303,5009611.7,402.15
25/11/2020 16:9:42.283919,5009611.8,402.15
25/11/2020 16:9:43.315628,5009611.8,402.16
25/11/2020 16:9:44.347467,5009611.8,402.16
25/11/2020 16:9:45.378791,5009611.8,402.16
25/11/2020 16:9:46.411047,5009611.8,402.16
25/11/2020 16:9:47.442257,5009611.8,402.16
25/11/2020 16:9:48.473933,5009611.5,402.26
25/11/2020 16:9:49.505200,5009612.8,402.48
25/11/2020 16:9:50.538515,5009611,402.6
25/11/2020 16:9:51.570528,5009610.3,403.55
25/11/2020 16:9:52.601686,5009577.8,402.12
